tpre,tpost,prior_low,prior_high,post_low,post_high,tobs,yobs,ytrue_prior,ytrue_post,dose_1,dose_2
0.5,120.5,0.06282196,0.19887020000000008,0.17773380000000003,0.27008259999999995,114.5857620471279,0.30028183848824597,0.144912570539,0.19630173680890362,12.78,15
1.0,121.0,0.1027018,0.2956343,0.21429559999999997,0.34352809999999995,114.5857620471279,0.30028183848824597,0.22562331515864154,0.24926331354033948,12.78,15
1.5,121.5,0.1271574,0.330459,0.2332821,0.37492149999999996,114.5857620471279,0.30028183848824597,0.26670204793491986,0.27351299866976686,12.78,15
2.0,122.0,0.14088509999999999,0.3341826,0.24179540000000002,0.3811326,114.5857620471279,0.30028183848824597,0.2835495688409808,0.2803553995300442,12.78,15
2.5,122.5,0.146793,0.3269837000000001,0.24318490000000004,0.3740251,114.5857620471279,0.30028183848824597,0.2858030452749127,0.27685432550555683,12.78,15
3.0,123.0,0.1470443,0.3116623,0.23964229999999997,0.35839620000000005,114.5857620471279,0.30028183848824597,0.2794778011365899,0.26740940957283665,12.78,15
3.5,123.5,0.14510889999999999,0.29119150000000005,0.2329187,0.3403693,114.5857620471279,0.30028183848824597,0.26831429473800367,0.2547475984819654,12.78,15
4.0,124.0,0.1400764,0.2711191,0.222951,0.3211059,114.5857620471279,0.30028183848824597,0.2546251593137696,0.24054659819915974,12.78,15
4.5,124.5,0.1336077,0.25268650000000004,0.2119903,0.30287039999999993,114.5857620471279,0.30028183848824597,0.23982778779719832,0.22582682629031026,12.78,15
5.0,125.0,0.12731599999999998,0.2345937,0.2002411,0.28375839999999997,114.5857620471279,0.30028183848824597,0.22477913323950796,0.2111977645116489,12.78,15
5.5,125.5,0.11998850000000001,0.2172454,0.18813139999999998,0.26678650000000004,114.5857620471279,0.30028183848824597,0.20998611293721137,0.1970127395411616,12.78,15
6.0,126.0,0.11221229999999999,0.20116480000000003,0.17554360000000002,0.25094400000000006,114.5857620471279,0.30028183848824597,0.1957377781236974,0.18346611576675903,12.78,15
6.5,126.5,0.10470879999999999,0.18604330000000002,0.16312949999999998,0.236104,114.5857620471279,0.30028183848824597,0.18218828518829638,0.17065427592864996,12.78,15
7.0,127.0,0.09690768,0.1724031,0.15100980000000003,0.22244119999999998,114.5857620471279,0.30028183848824597,0.1694089318409695,0.15861383465720655,12.78,15
7.5,127.5,0.08994479999999999,0.15952920000000004,0.14010550000000002,0.2099979,114.5857620471279,0.30028183848824597,0.15742074550595722,0.14734554136527978,12.78,15
8.0,128.0,0.08263815,0.14802579999999999,0.1291837,0.1983121,114.5857620471279,0.30028183848824597,0.1462148489307833,0.13682919106845698,12.78,15
8.5,128.5,0.07616569999999999,0.1382442,0.11914759999999999,0.1870346,114.5857620471279,0.30028183848824597,0.13576514696287537,0.12703288795200024,12.78,15
9.0,129.0,0.06992579,0.1288598,0.1102185,0.17685410000000001,114.5857620471279,0.30028183848824597,0.12603619206186056,0.11791876501206522,12.78,15
9.5,129.5,0.06379612,0.1200857,0.10149069999999999,0.1675,114.5857620471279,0.30028183848824597,0.1169880253873703,0.10944648221628919,12.78,15
10.0,130.0,0.05820731,0.111928,0.09327339,0.1588504,114.5857620471279,0.30028183848824597,0.10857912312372305,0.1015753344773836,12.78,15
10.5,130.5,0.05266171,0.1046035,0.08575665,0.150477,114.5857620471279,0.30028183848824597,0.10076815807376509,0.0942654918269206,12.78,15
11.0,131.0,0.047819110000000005,0.09814182000000002,0.07857416,0.1429273,114.5857620471279,0.30028183848824597,0.09351502263674862,0.0874786999038619,12.78,15
11.5,131.5,0.04341522,0.09182738000000001,0.07183039,0.1356109,114.5857620471279,0.30028183848824597,0.08678139331142902,0.08117864670459493,12.78,15
12.0,132.0,0.03942395,0.08608568,0.06593456,0.12888319999999998,114.5857620471279,0.30028183848824597,0.08053101249825342,0.07533112472674064,12.78,15
12.5,132.5,0.12116790000000001,0.2561866000000001,0.15622139999999998,0.24500199999999994,114.5857620471279,0.30028183848824597,0.21964236829569792,0.17658728646067406,12.78,15
13.0,133.0,0.15821469999999999,0.3473728000000001,0.1930445,0.32185169999999996,114.5857620471279,0.30028183848824597,0.29496916258675066,0.2309692018604182,12.78,15
13.5,133.5,0.1778225,0.37758970000000003,0.2134261,0.3545661,114.5857620471279,0.30028183848824597,0.3310514335521675,0.2565370024035506,12.78,15
14.0,134.0,0.18770209999999998,0.3810516,0.2234147,0.3620858,114.5857620471279,0.30028183848824597,0.3432622420896147,0.264602613261896,12.78,15
14.5,134.5,0.1895185,0.3694328,0.2258251,0.3556109,114.5857620471279,0.30028183848824597,0.34121294697362275,0.2622366523867408,12.78,15
15.0,135.0,0.18607659999999998,0.3503575,0.22366180000000002,0.34101899999999996,114.5857620471279,0.30028183848824597,0.33089488023778685,0.2538450820432087,12.78,15
15.5,135.5,0.1817997,0.3311821000000001,0.2180892,0.32398479999999996,114.5857620471279,0.30028183848824597,0.31602621015331733,0.24216072931178995,12.78,15
16.0,136.0,0.1740329,0.31002050000000003,0.20994970000000002,0.3058444,114.5857620471279,0.30028183848824597,0.29889886915821245,0.2288667612309815,12.78,15
16.5,136.5,0.16373790000000002,0.29030570000000006,0.20007529999999998,0.2868662,114.5857620471279,0.30028183848824597,0.28091103043366095,0.2149886657249548,12.78,15
17.0,137.0,0.1535052,0.2706504,0.1892282,0.2695243,114.5857620471279,0.30028183848824597,0.2629018055737279,0.20114063130055176,12.78,15
17.5,137.5,0.1427866,0.25176590000000004,0.178214,0.2527022,114.5857620471279,0.30028183848824597,0.24536155189131842,0.18768035332113397,12.78,15
18.0,138.0,0.132238,0.23413040000000002,0.1670342,0.2368708,114.5857620471279,0.30028183848824597,0.22856395133694185,0.17480625074150927,12.78,15
18.5,138.5,0.1223297,0.21773840000000003,0.1553919,0.22303800000000001,114.5857620471279,0.30028183848824597,0.21264889690220218,0.16261846912548164,12.78,15
19.0,139.0,0.11273340000000001,0.20321299999999998,0.1443043,0.2092511,114.5857620471279,0.30028183848824597,0.1976744497135656,0.15115711504339807,12.78,15
19.5,139.5,0.1031986,0.18953590000000003,0.133603,0.19740729999999998,114.5857620471279,0.30028183848824597,0.1836493538220773,0.14042617838189955,12.78,15
20.0,140.0,0.09431879,0.17672330000000003,0.12376050000000001,0.18618559999999998,114.5857620471279,0.30028183848824597,0.1705533333672005,0.1304084612206816,12.78,15
20.5,140.5,0.08606162,0.16518870000000002,0.11425790000000001,0.1760373,114.5857620471279,0.30028183848824597,0.158349715749216,0.12107485817884725,12.78,15
21.0,141.0,0.07819859,0.15458440000000004,0.1052318,0.16598929999999998,114.5857620471279,0.30028183848824597,0.14699323806331369,0.11239009164153299,12.78,15
21.5,141.5,0.07069998,0.144334,0.09721111,0.1569632,114.5857620471279,0.30028183848824597,0.13643483333039,0.1043162243923109,12.78,15
22.0,142.0,0.06416734,0.13567460000000003,0.08936497000000002,0.14873969999999997,114.5857620471279,0.30028183848824597,0.12662452589515072,0.09681478102171034,12.78,15
22.5,142.5,0.05835059,0.12756530000000002,0.08232827999999999,0.1408347,114.5857620471279,0.30028183848824597,0.11751314574900235,0.08984800057154255,12.78,15
23.0,143.0,0.052733129999999996,0.12047200000000001,0.07562534,0.13346139999999998,114.5857620471279,0.30028183848824597,0.10905330763448565,0.08337954859767242,12.78,15
23.5,143.5,0.047929879999999994,0.1136852,0.06934519,0.1267721,114.5857620471279,0.30028183848824597,0.10119993483093821,0.07737489466171177,12.78,15
24.0,144.0,0.04353445,0.10688460000000001,0.06337512000000001,0.1202872,114.5857620471279,0.30028183848824597,0.09391050316992641,0.0718014844433422,12.78,15
24.5,144.5,0.1341886,0.2649266,0.1506324,0.2410657,114.5857620471279,0.30028183848824597,0.23205768576563135,0.17331200448257633,12.78,15
25.0,145.0,0.17055339999999997,0.35431910000000005,0.1873063,0.31789829999999997,114.5857620471279,0.30028183848824597,0.30648978856094644,0.2279299482351228,12.78,15
25.5,145.5,0.1897493,0.3843154000000001,0.2076599,0.3511756999999999,114.5857620471279,0.30028183848824597,0.34174184264443597,0.2537167680983712,12.78,15
26.0,146.0,0.1987374,0.38680480000000006,0.2178412,0.3587143,114.5857620471279,0.30028183848824597,0.3531822626486734,0.2619856149742462,12.78,15
26.5,146.5,0.20004670000000002,0.3752521000000001,0.2210472,0.35228539999999997,114.5857620471279,0.30028183848824597,0.3504180959083188,0.2598082442139712,12.78,15
27.0,147.0,0.1980372,0.3566415,0.21923,0.3383404,114.5857620471279,0.30028183848824597,0.33943667371400843,0.2515916735177277,12.78,15
27.5,147.5,0.1906493,0.33749350000000006,0.21392930000000002,0.321068,114.5857620471279,0.30028183848824597,0.3239524519012264,0.24006970934280064,12.78,15
28.0,148.0,0.18076129999999999,0.31755680000000003,0.2064661,0.30320909999999995,114.5857620471279,0.30028183848824597,0.30625391800319085,0.22692642752720588,12.78,15
28.5,148.5,0.1697194,0.2978592,0.1968221,0.28441819999999995,114.5857620471279,0.30028183848824597,0.2877360485481271,0.21318815930338028,12.78,15
29.0,149.0,0.1581298,0.27816029999999997,0.18679389999999998,0.2667151,114.5857620471279,0.30028183848824597,0.26923498883911184,0.1994698757146929,12.78,15
29.5,149.5,0.1469456,0.2586655,0.17576740000000002,0.2498892,114.5857620471279,0.30028183848824597,0.2512383436593778,0.18612999826871007,12.78,15
30.0,150.0,0.13619769999999998,0.2412146,0.1650932,0.23397449999999997,114.5857620471279,0.30028183848824597,0.23401724078670796,0.17336761973594503,12.78,15
30.5,150.5,0.1253271,0.2247936,0.1540086,0.2191319,114.5857620471279,0.30028183848824597,0.2177092031026402,0.16128351093838023,12.78,15
31.0,151.0,0.114638,0.210256,0.143033,0.2066407,114.5857620471279,0.30028183848824597,0.20237009242204002,0.1499183586462381,12.78,15
31.5,151.5,0.10480030000000001,0.1968848,0.1324295,0.1938312,114.5857620471279,0.30028183848824597,0.18800661197448434,0.13927669113479052,12.78,15
32.0,152.0,0.0958016,0.183421,0.1229322,0.18306450000000002,114.5857620471279,0.30028183848824597,0.17459659214674653,0.12934181007418427,12.78,15
32.5,152.5,0.08706534999999999,0.171096,0.11329390000000002,0.1731221,114.5857620471279,0.30028183848824597,0.16210160305690424,0.12008507367172656,12.78,15
33.0,153.0,0.07891867,0.1608042,0.1045145,0.16317739999999997,114.5857620471279,0.30028183848824597,0.15047475115388806,0.1114716344929595,12.78,15
33.5,153.5,0.07152179,0.15111050000000004,0.09654193,0.153841,114.5857620471279,0.30028183848824597,0.13966545632244778,0.10346395450154573,12.78,15
34.0,154.0,0.06502838999999999,0.14266640000000003,0.08887453000000001,0.1457716,114.5857620471279,0.30028183848824597,0.12962233881306304,0.09602392870178175,12.78,15
34.5,154.5,0.05889091,0.13448520000000003,0.08179909,0.1382408,114.5857620471279,0.30028183848824597,0.12029492570688999,0.08911413985592512,12.78,15
35.0,155.0,0.053346450000000004,0.1264969,0.07523740000000001,0.1308582,114.5857620471279,0.30028183848824597,0.1116346227285215,0.08269857247058088,12.78,15
35.5,155.5,0.04848394,0.1190722,0.06892812,0.1239388,114.5857620471279,0.30028183848824597,0.10359523126543962,0.07674299207338703,12.78,15
36.0,156.0,0.04374147,0.11156370000000006,0.06308269,0.1178024,114.5857620471279,0.30028183848824597,0.09613318610483457,0.07121511898169693,12.78,15
36.5,156.5,0.1372124,0.26722060000000003,0.1491094,0.24044329999999997,114.5857620471279,0.30028183848824597,0.23412019433783637,0.17276789458183678,12.78,15
37.0,157.0,0.17426979999999997,0.3555439,0.1859378,0.3168853,114.5857620471279,0.30028183848824597,0.30840366549931186,0.2274250488107057,12.78,15
37.5,157.5,0.1933182,0.38508460000000005,0.2063387,0.3506299,114.5857620471279,0.30028183848824597,0.34351779886811873,0.25324825350521596,12.78,15
38.0,158.0,0.2020564,0.3884715,0.2163716,0.35853860000000004,114.5857620471279,0.30028183848824597,0.3548302372102622,0.26155086319323,12.78,15
38.5,158.5,0.2033732,0.37722479999999997,0.21944180000000002,0.35183240000000005,114.5857620471279,0.30028183848824597,0.3519473116172578,0.2594048221779064,12.78,15
39.0,159.0,0.20050479999999998,0.35856240000000006,0.21798379999999998,0.3379514,114.5857620471279,0.30028183848824597,0.34085568875160177,0.25121732349481973,12.78,15
39.5,159.5,0.19238129999999998,0.3396464,0.2129373,0.3207037,114.5857620471279,0.30028183848824597,0.3252692077160833,0.23972233630136208,12.78,15
40.0,160.0,0.18253960000000002,0.31998600000000005,0.2054632,0.30244509999999997,114.5857620471279,0.30028183848824597,0.30747578375515644,0.2266040874109133,12.78,15
40.5,160.5,0.17096999999999998,0.29982800000000004,0.1962331,0.2841466,114.5857620471279,0.30028183848824597,0.28886986234942685,0.21288904815145776,12.78,15
41.0,161.0,0.15909020000000001,0.27949680000000005,0.18610119999999997,0.26596889999999995,114.5857620471279,0.30028183848824597,0.2702870960235138,0.19919231956613334,12.78,15
41.5,161.5,0.1478819,0.25963080000000005,0.1752425,0.24927850000000001,114.5857620471279,0.30028183848824597,0.2522146322935445,0.1858724437940338,12.78,15
42.0,162.0,0.1366,0.24296659999999998,0.1646487,0.2332996,114.5857620471279,0.30028183848824597,0.23492317462247478,0.173128625544067,12.78,15
42.5,162.5,0.1256629,0.2269919,0.15371390000000001,0.2183948,114.5857620471279,0.30028183848824597,0.21854985215463665,0.16106173950993494,12.78,15
43.0,163.0,0.1148864,0.21250780000000002,0.1426329,0.20594569999999998,114.5857620471279,0.30028183848824597,0.20315016134178004,0.14971256884821754,12.78,15
43.5,163.5,0.1049741,0.1979322,0.13219250000000002,0.1933361,114.5857620471279,0.30028183848824597,0.18873046637971946,0.13908573127460372,12.78,15
44.0,164.0,0.09588048,0.18511270000000002,0.1227177,0.18237489999999998,114.5857620471279,0.30028183848824597,0.17526828305343323,0.1291646114542657,12.78,15
44.5,164.5,0.08719922,0.1728714,0.113147,0.17212829999999998,114.5857620471279,0.30028183848824597,0.16272488955051762,0.11992064460862227,12.78,15
45.0,165.0,0.07914209,0.16278780000000004,0.1043894,0.1623806,114.5857620471279,0.30028183848824597,0.15105312142696078,0.11131905476741885,12.78,15
45.5,165.5,0.07169813,0.1537514,0.09640503,0.15318969999999998,114.5857620471279,0.30028183848824597,0.1402021471960699,0.1033223702085592,12.78,15
46.0,166.0,0.06506616,0.1447128,0.0887469,0.14482720000000002,114.5857620471279,0.30028183848824597,0.13012035385159362,0.09589254747174304,12.78,15
46.5,166.5,0.05894903,0.13582990000000006,0.08177245000000001,0.1371994,114.5857620471279,0.30028183848824597,0.12075705202725902,0.08899222642017329,12.78,15
47.0,167.0,0.05344812,0.12780870000000008,0.07520978,0.13012590000000002,114.5857620471279,0.30028183848824597,0.11206344659819406,0.08258544454650499,12.78,15
47.5,167.5,0.04854484,0.12025560000000002,0.06886498,0.1232785,114.5857620471279,0.30028183848824597,0.10399315257633598,0.07663801654606474,12.78,15
48.0,168.0,0.04375588999999999,0.1135334,0.06303198,0.1170144,114.5857620471279,0.30028183848824597,0.09650243180420848,0.07111770836069764,12.78,15
48.5,168.5,0.1380322,0.2673012,0.1487211,0.24042039999999998,114.5857620471279,0.30028183848824597,0.2344628308912771,0.17267750371336005,12.78,15
49.0,169.0,0.1752307,0.3555767000000001,0.1853859,0.31669889999999995,114.5857620471279,0.30028183848824597,0.30872161045561813,0.22734117182665442,12.78,15
49.5,169.5,0.1943326,0.38516880000000003,0.2059,0.3505459,114.5857620471279,0.30028183848824597,0.34381283159076753,0.25317042099213033,12.78,15
50.0,170.0,0.2027703,0.3890910000000001,0.2159022,0.3585209,114.5857620471279,0.30028183848824597,0.3551040088355296,0.26147863956523787,12.78,15
50.5,170.5,0.2038627,0.3772907,0.21909620000000002,0.3517617,114.5857620471279,0.30028183848824597,0.3522013542947231,0.25933780323898803,12.78,15
51.0,171.0,0.2009806,0.35913340000000005,0.2177697,0.3378209,114.5857620471279,0.30028183848824597,0.3410914242187477,0.2511551341767446,12.78,15
51.5,171.5,0.19274990000000003,0.3397349,0.2126652,0.3205766,114.5857620471279,0.30028183848824597,0.3254879552549811,0.23966462856463766,12.78,15
52.0,172.0,0.18300690000000003,0.3201347,0.2050864,0.3024217,114.5857620471279,0.30028183848824597,0.3076787675757633,0.22655053829699906,12.78,15
52.5,172.5,0.17122159999999997,0.3000814,0.19596390000000002,0.2841285,114.5857620471279,0.30028183848824597,0.2890582184408177,0.21283935797534337,12.78,15
53.0,173.0,0.1593243,0.2797317,0.1858764,0.2657193,114.5857620471279,0.30028183848824597,0.2704618785113888,0.19914621023916604,12.78,15
53.5,173.5,0.1482633,0.2599303000000001,0.1751131,0.2490181,114.5857620471279,0.30028183848824597,0.2523768193395922,0.1858296572676089,12.78,15
54.0,174.0,0.1366243,0.24334580000000003,0.16453959999999998,0.2330835,114.5857620471279,0.30028183848824597,0.2350736738986065,0.1730889223654713,12.78,15
54.5,174.5,0.1257605,0.22719100000000006,0.1535293,0.2182816,114.5857620471279,0.30028183848824597,0.218689505922728,0.1610248974822614,12.78,15
55.0,175.0,0.1149793,0.21285900000000002,0.1425964,0.2056673,114.5857620471279,0.30028183848824597,0.20327975116734864,0.149678381786851,12.78,15
55.5,175.5,0.10504630000000001,0.19853939999999998,0.13212549999999998,0.1931119,114.5857620471279,0.30028183848824597,0.18885071750591834,0.13905400785331878,12.78,15
56.0,176.0,0.09588913,0.1854228,0.1226112,0.1820747,114.5857620471279,0.30028183848824597,0.1753798684598388,0.12913517413447875,12.78,15
56.5,176.5,0.0872063,0.1732843,0.1131217,0.171843,114.5857620471279,0.30028183848824597,0.16282843371942712,0.11989332864580556,12.78,15
57.0,177.0,0.07914475,0.16324480000000005,0.1043728,0.1621935,114.5857620471279,0.30028183848824597,0.15114920383827712,0.11129370728911564,12.78,15
57.5,177.5,0.07169930000000001,0.1542458,0.0963826,0.1528467,114.5857620471279,0.30028183848824597,0.1402913055703327,0.10329884935884055,12.78,15
58.0,178.0,0.06507072,0.145041,0.08873916,0.1445764,114.5857620471279,0.30028183848824597,0.130203087159306,0.09587072161731805,12.78,15
58.5,178.5,0.05900735,0.1364156,0.08175699,0.1369464,114.5857620471279,0.30028183848824597,0.12083382328135185,0.08897197341370969,12.78,15
59.0,179.0,0.053509610000000006,0.12858830000000002,0.07520251,0.129986,114.5857620471279,0.30028183848824597,0.11213468544525523,0.08256665104303759,12.78,15
59.5,179.5,0.048556459999999996,0.12054980000000004,0.0688594,0.1230008,114.5857620471279,0.30028183848824597,0.1040592577011066,0.0766205773686659,12.78,15
60.0,180.0,0.043756960000000004,0.11378350000000001,0.06302492,0.11668170000000001,114.5857620471279,0.30028183848824597,0.09656377316080268,0.07110152591185961,12.78,15
60.5,180.5,0.1383425,0.26730400000000004,0.148582,0.2404182,114.5857620471279,0.30028183848824597,0.23451975177361223,0.17266248742879534,12.78,15
61.0,181.0,0.1754228,0.3555794000000001,0.18525540000000001,0.31669659999999994,114.5857620471279,0.30028183848824597,0.3087744294186424,0.22732723766845717,12.78,15
61.5,181.5,0.19454059999999998,0.38517880000000004,0.205847,0.3505328,114.5857620471279,0.30028183848824597,0.3438618442332374,0.2531574909784622,12.78,15
62.0,182.0,0.20305410000000002,0.38912260000000004,0.2158346,0.3585197,114.5857620471279,0.30028183848824597,0.35514948945431374,0.2614666413339065,12.78,15
62.5,182.5,0.20417980000000002,0.3772911,0.2189636,0.35175039999999996,114.5857620471279,0.30028183848824597,0.3522435574198914,0.25932666964247564,12.78,15
63.0,183.0,0.20107509999999998,0.3591924,0.21760269999999998,0.3378149,114.5857620471279,0.30028183848824597,0.34113058603803664,0.25114480290642005,12.78,15
63.5,183.5,0.1927984,0.3397385,0.2126033,0.3205537,114.5857620471279,0.30028183848824597,0.32552429493560664,0.23965504180204933,12.78,15
64.0,184.0,0.1830183,0.320158,0.20496419999999999,0.30241869999999993,114.5857620471279,0.30028183848824597,0.3077124884909799,0.2265416423902966,12.78,15
64.5,184.5,0.1712364,0.30009310000000006,0.1959561,0.28412740000000003,114.5857620471279,0.30028183848824597,0.2890895093080865,0.21283110313901776,12.78,15
65.0,185.0,0.1594355,0.2798822,0.18584889999999998,0.2657152,114.5857620471279,0.30028183848824597,0.2704909144485259,0.19913855027542748,12.78,15
65.5,185.5,0.1484357,0.2601744000000001,0.1751019,0.2489393,114.5857620471279,0.30028183848824597,0.2524037628448069,0.18582254930784306,12.78,15
66.0,186.0,0.13662950000000001,0.24339,0.1645117,0.23307789999999998,114.5857620471279,0.30028183848824597,0.2350986757599146,0.17308232663032722,12.78,15
66.5,186.5,0.1257606,0.22747340000000005,0.15348889999999998,0.2182592,114.5857620471279,0.30028183848824597,0.2187127060618298,0.16101877705902828,12.78,15
67.0,187.0,0.1149802,0.2132127,0.14259130000000003,0.2054965,114.5857620471279,0.30028183848824597,0.2033012794226937,0.14967270242287803,12.78,15
67.5,187.5,0.10505540000000001,0.19880570000000003,0.13211869999999998,0.1930908,114.5857620471279,0.30028183848824597,0.18887069435934012,0.13904873776432186,12.78,15
68.0,188.0,0.09589001,0.18552730000000003,0.1225851,0.1820354,114.5857620471279,0.30028183848824597,0.17539840571082543,0.12913028382666125,12.78,15
68.5,188.5,0.08720697,0.1733557,0.11309690000000001,0.1717312,114.5857620471279,0.30028183848824597,0.16284563511080175,0.11988879075079771,12.78,15
69.0,189.0,0.07914499,0.16353450000000003,0.10437010000000001,0.162157,114.5857620471279,0.30028183848824597,0.15116516563678956,0.11128949641080887,12.78,15
69.5,189.5,0.07169944,0.15430260000000004,0.09637812,0.1527159,114.5857620471279,0.30028183848824597,0.1403061171054116,0.10329494193125932,12.78,15
70.0,190.0,0.06507119,0.14521360000000003,0.08873811,0.1445253,114.5857620471279,0.30028183848824597,0.13021683132298675,0.09586709577273402,12.78,15
70.5,190.5,0.05900777,0.13675650000000003,0.08175447999999999,0.136913,114.5857620471279,0.30028183848824597,0.12084657699217767,0.08896860886026006,12.78,15
71.0,191.0,0.05351,0.12866890000000006,0.07519881,0.1298976,114.5857620471279,0.30028183848824597,0.11214652007874817,0.08256352895116273,12.78,15
71.5,191.5,0.04855793,0.12069870000000003,0.06885868,0.12296570000000001,114.5857620471279,0.30028183848824597,0.10407023948921715,0.07661768026573051,12.78,15
72.0,192.0,0.043756960000000004,0.11383480000000001,0.06302397,0.11657020000000001,114.5857620471279,0.30028183848824597,0.09657396356257364,0.07109883758436814,12.78,15
72.5,192.5,0.13838989999999998,0.2674273,0.1485689,0.2404173,114.5857620471279,0.30028183848824597,0.23452920781913122,0.17265999283165373,12.78,15
73.0,193.0,0.17547100000000002,0.35557960000000005,0.1852311,0.31669659999999994,114.5857620471279,0.30028183848824597,0.30878320402820814,0.22732492284077394,12.78,15
73.5,193.5,0.19463960000000002,0.3851806,0.2058421,0.3505308,114.5857620471279,0.30028183848824597,0.3438699865135252,0.25315534296541686,12.78,15
74.0,194.0,0.20316990000000001,0.38912800000000003,0.2157928,0.35851869999999997,114.5857620471279,0.30028183848824597,0.3551570449731991,0.2614646481142486,12.78,15
74.5,194.5,0.2043372,0.3772911,0.2189335,0.35174829999999996,114.5857620471279,0.30028183848824597,0.3522505684614681,0.2593248200612483,12.78,15
75.0,195.0,0.20109760000000002,0.3592039000000001,0.2175661,0.33781459999999996,114.5857620471279,0.30028183848824597,0.3411370918392578,0.251143086612532,12.78,15
75.5,195.5,0.1928706,0.339812,0.212579,0.32055,114.5857620471279,0.30028183848824597,0.32553033190587216,0.23965344919034523,12.78,15
76.0,196.0,0.1830337,0.32016150000000004,0.2049332,0.30241869999999993,114.5857620471279,0.30028183848824597,0.30771809041590004,0.22654016454780257,12.78,15
76.5,196.5,0.1712435,0.30009490000000005,0.1959072,0.28412740000000003,114.5857620471279,0.30028183848824597,0.2890947075385616,0.21282973179506023,12.78,15
77.0,197.0,0.15944380000000002,0.27988240000000003,0.18584889999999998,0.2657093,114.5857620471279,0.30028183848824597,0.27049573807619987,0.19913727775534673,12.78,15
77.5,197.5,0.1484411,0.26023900000000005,0.1751,0.2489294,114.5857620471279,0.30028183848824597,0.2524082388648772,0.18582136849004235,12.78,15
78.0,198.0,0.1366333,0.243399,0.16450379999999998,0.2330773,114.5857620471279,0.30028183848824597,0.23510282922220982,0.1730812309064172,12.78,15
78.5,198.5,0.1257606,0.22764010000000004,0.153478,0.2182536,114.5857620471279,0.30028183848824597,0.21871656021099956,0.16101776029684342,12.78,15
79.0,199.0,0.1149802,0.2132302,0.14259100000000002,0.2054309,114.5857620471279,0.30028183848824597,0.20330485582829627,0.14967175893215823,12.78,15
79.5,199.5,0.1050563,0.19881850000000004,0.1321183,0.19308689999999998,114.5857620471279,0.30028183848824597,0.1888740130365555,0.13904786226486718,12.78,15
80.0,200.0,0.09589011,0.1855297,0.122564,0.1820334,114.5857620471279,0.30028183848824597,0.1754014852324691,0.12912947141878162,12.78,15
80.5,200.5,0.08720708,0.17343940000000002,0.11309690000000001,0.1717085,114.5857620471279,0.30028183848824597,0.16284849271126675,0.11988803688789197,12.78,15
81.0,201.0,0.079145,0.1635365,0.10437010000000001,0.1621307,114.5857620471279,0.30028183848824597,0.15116781730849785,0.11128879687391995,12.78,15
81.5,201.5,0.07169945,0.15431240000000002,0.09637108999999999,0.1527137,114.5857620471279,0.30028183848824597,0.14030857768831487,0.10329429280546304,12.78,15
82.0,202.0,0.06507119,0.1452522,0.08873800000000001,0.144511,114.5857620471279,0.30028183848824597,0.13021911458761748,0.09586649342522946,12.78,15
82.5,202.5,0.05900786,0.13677140000000002,0.08175402,0.1369009,114.5857620471279,0.30028183848824597,0.12084869571671528,0.08896804992003873,12.78,15
83.0,203.0,0.05351,0.12868390000000005,0.07519843,0.1298656,114.5857620471279,0.30028183848824597,0.11214848612053142,0.08256301029014286,12.78,15
83.5,203.5,0.04855812,0.12074380000000003,0.06885854,0.12295829999999999,114.5857620471279,0.30028183848824597,0.10407206385110322,0.07661719898125097,12.78,15
84.0,204.0,0.043756960000000004,0.1138467,0.06302388,0.1165451,114.5857620471279,0.30028183848824597,0.09657565645451505,0.07109839098294372,12.78,15
84.5,204.5,0.13838999999999999,0.26749379999999995,0.14856670000000002,0.2404173,114.5857620471279,0.30028183848824597,0.23453077871531536,0.17265957841390134,12.78,15
85.0,205.0,0.17547400000000002,0.35557960000000005,0.18521970000000001,0.31669659999999994,114.5857620471279,0.30028183848824597,0.308784661720079,0.22732453828742474,12.78,15
85.5,205.5,0.1946582,0.3851806,0.2058172,0.3505307,114.5857620471279,0.30028183848824597,0.3438713391589845,0.2531549861243368,12.78,15
86.0,206.0,0.2031925,0.3891297000000001,0.2157802,0.35851869999999997,114.5857620471279,0.30028183848824597,0.3551583001422613,0.2614643169883939,12.78,15
86.5,206.5,0.2043888,0.3772911,0.2189297,0.35174829999999996,114.5857620471279,0.30028183848824597,0.3522517331786258,0.2593245127974892,12.78,15
87.0,207.0,0.2011025,0.35920620000000014,0.2175513,0.33781459999999996,114.5857620471279,0.30028183848824597,0.34113817262279383,0.2511428014912818,12.78,15
87.5,207.5,0.19290859999999999,0.33983910000000006,0.2125648,0.32054910000000003,114.5857620471279,0.30028183848824597,0.32553133480433905,0.23965318461593685,12.78,15
88.0,208.0,0.1830337,0.32016160000000005,0.2049251,0.30241869999999993,114.5857620471279,0.30028183848824597,0.30771902104197024,0.22653991903955817,12.78,15
88.5,208.5,0.1712489,0.30009510000000006,0.1959072,0.28412740000000003,114.5857620471279,0.30028183848824597,0.2890955711004386,0.21282950397900482,12.78,15
89.0,209.0,0.1594456,0.27988240000000003,0.18584889999999998,0.26570299999999997,114.5857620471279,0.30028183848824597,0.2704965394067657,0.19913706635651884,12.78,15
89.5,209.5,0.1484421,0.2602555000000001,0.1750989,0.2489294,114.5857620471279,0.30028183848824597,0.25240898244873944,0.18582117232535877,12.78,15
90.0,210.0,0.1366333,0.24340080000000003,0.1645018,0.23307709999999998,114.5857620471279,0.30028183848824597,0.23510351922079933,0.17308104887805179,12.78,15
90.5,210.5,0.1257606,0.22770050000000003,0.15347529999999998,0.21825270000000002,114.5857620471279,0.30028183848824597,0.21871720048585985,0.1610175913860833,12.78,15
91.0,211.0,0.1149802,0.2132323,0.14259,0.20542739999999998,114.5857620471279,0.30028183848824597,0.2033054499626945,0.14967160219370254,12.78,15
91.5,211.5,0.1050563,0.1988321,0.1321182,0.19308569999999997,114.5857620471279,0.30028183848824597,0.18887456435553585,0.1390477168215368,12.78,15
92.0,212.0,0.09589011,0.1855298,0.1225609,0.1820334,114.5857620471279,0.30028183848824597,0.17540199682146146,0.12912933645661,12.78,15
92.5,212.5,0.08720708,0.1734787,0.11309690000000001,0.1716803,114.5857620471279,0.30028183848824597,0.16284896743335403,0.11988791165156992,12.78,15
93.0,213.0,0.079145,0.16354200000000002,0.10437010000000001,0.1621224,114.5857620471279,0.30028183848824597,0.15116825782043908,0.11128868066256846,12.78,15
93.5,213.5,0.07169945,0.15431430000000002,0.0963692,0.1527127,114.5857620471279,0.30028183848824597,0.14030898645541373,0.10329418496871096,12.78,15
94.0,214.0,0.06507119,0.145259,0.08873799,0.14449610000000002,114.5857620471279,0.30028183848824597,0.13021949389751913,0.09586639335957363,12.78,15
94.5,214.5,0.059007870000000004,0.1367742,0.08175402,0.1368982,114.5857620471279,0.30028183848824597,0.12084904769220911,0.08896795706546658,12.78,15
95.0,215.0,0.05351,0.12868690000000002,0.07519832,0.1298591,114.5857620471279,0.30028183848824597,0.11214881273143118,0.08256292412699831,12.78,15
95.5,215.5,0.04855812,0.12075730000000003,0.06885854,0.1229561,114.5857620471279,0.30028183848824597,0.10407236692527091,0.07661711902732615,12.78,15
96.0,216.0,0.043756960000000004,0.1138494,0.06302379,0.1165344,114.5857620471279,0.30028183848824597,0.0965759376880905,0.07109831679078041,12.78,15
96.5,216.5,0.13838999999999999,0.26749619999999996,0.14856570000000002,0.2404173,114.5857620471279,0.30028183848824597,0.23453103968220856,0.17265950956828668,12.78,15
97.0,217.0,0.17547610000000002,0.35557960000000005,0.1852013,0.31669659999999994,114.5857620471279,0.30028183848824597,0.3087849038807785,0.22732447440306763,12.78,15
97.5,217.5,0.1946912,0.3851806,0.20580510000000002,0.3505307,114.5857620471279,0.30028183848824597,0.3438715638687309,0.25315492684371155,12.78,15
98.0,218.0,0.2031988,0.3891299000000001,0.2157766,0.35851869999999997,114.5857620471279,0.30028183848824597,0.35515850865863174,0.26146426197973927,12.78,15
98.5,218.5,0.2044056,0.3772911,0.2189283,0.35174829999999996,114.5857620471279,0.30028183848824597,0.35225192666857197,0.25932446175295204,12.78,15
99.0,219.0,0.2011035,0.3592066000000001,0.21754849999999998,0.33781449999999996,114.5857620471279,0.30028183848824597,0.3411383521691728,0.2511427541251939,12.78,15
99.5,219.5,0.19290859999999999,0.3398463,0.2125592,0.32054910000000003,114.5857620471279,0.30028183848824597,0.3255315014119734,0.23965314066321605,12.78,15
100.0,220.0,0.18303460000000002,0.32016160000000005,0.2049223,0.30241869999999993,114.5857620471279,0.30028183848824597,0.30771917564327156,0.22653987825422525,12.78,15
100.5,220.5,0.17124979999999998,0.30009510000000006,0.1959072,0.28412740000000003,114.5857620471279,0.30028183848824597,0.2890957145606255,0.2128294661328067,12.78,15
101.0,221.0,0.1594456,0.27988240000000003,0.18584889999999998,0.26570119999999997,114.5857620471279,0.30028183848824597,0.27049667252870613,0.19913703123765109,12.78,15
101.5,221.5,0.1484421,0.26026010000000005,0.1750988,0.2489294,114.5857620471279,0.30028183848824597,0.25240910597744387,0.18582113973728034,12.78,15
102.0,222.0,0.1366333,0.24340080000000003,0.1645015,0.23307709999999998,114.5857620471279,0.30028183848824597,0.23510363384759012,0.1730810186383851,12.78,15
102.5,222.5,0.1257606,0.22772030000000004,0.1534744,0.21825270000000002,114.5857620471279,0.30028183848824597,0.21871730685224028,0.16101756332559353,12.78,15
103.0,223.0,0.1149802,0.2132323,0.14259,0.205418,114.5857620471279,0.30028183848824597,0.20330554866393882,0.1496715761553505,12.78,15
103.5,223.5,0.1050563,0.19883660000000003,0.1321182,0.1930856,114.5857620471279,0.30028183848824597,0.18887465594402078,0.13904769265960015,12.78,15
104.0,224.0,0.09589011,0.1855298,0.1225601,0.1820334,114.5857620471279,0.30028183848824597,0.17540208180975753,0.12912931403586764,12.78,15
104.5,224.5,0.08720708,0.1735518,0.11309690000000001,0.17166840000000003,114.5857620471279,0.30028183848824597,0.16284904629709404,0.11988789084654523,12.78,15
105.0,225.0,0.079145,0.163551,0.10437010000000001,0.162119,114.5857620471279,0.30028183848824597,0.15116833100098018,0.11128866135682715,12.78,15
105.5,225.5,0.07169945,0.15431430000000002,0.09636875,0.1527127,114.5857620471279,0.30028183848824597,0.1403090543623072,0.10329416705420938,12.78,15
106.0,226.0,0.06507119,0.1452603,0.08873799,0.1444879,114.5857620471279,0.30028183848824597,0.13021955691080261,0.09586637673605414,12.78,15
106.5,226.5,0.059007870000000004,0.1367751,0.08175402,0.1368878,114.5857620471279,0.30028183848824597,0.12084910616453341,0.08896794163989648,12.78,15
107.0,227.0,0.05351,0.12868790000000002,0.07519831,0.12985639999999998,114.5857620471279,0.30028183848824597,0.11214886699003379,0.08256290981304913,12.78,15
107.5,227.5,0.04855812,0.12076180000000003,0.06885853,0.1229557,114.5857620471279,0.30028183848824597,0.10407241727380748,0.07661710574489058,12.78,15
108.0,228.0,0.043756960000000004,0.1138503,0.06302379,0.1165315,114.5857620471279,0.30028183848824597,0.09657598440833413,0.07109830446552394,12.78,15
108.5,228.5,0.13838999999999999,0.26749649999999997,0.14856570000000002,0.2404173,114.5857620471279,0.30028183848824597,0.23453108303562686,0.1726594981312316,12.78,15
109.0,229.0,0.1754767,0.35557960000000005,0.18519400000000003,0.31669659999999994,114.5857620471279,0.30028183848824597,0.3087849441099968,0.22732446379020704,12.78,15
109.5,229.5,0.194702,0.3851806,0.2058014,0.3505307,114.5857620471279,0.30028183848824597,0.34387160119888993,0.25315491699565107,12.78,15
110.0,230.0,0.2031997,0.3891299000000001,0.21577570000000001,0.35851869999999997,114.5857620471279,0.30028183848824597,0.355158543298648,0.26146425284136476,12.78,15
110.5,230.5,0.20441109999999998,0.3772911,0.2189279,0.35174829999999996,114.5857620471279,0.30028183848824597,0.35225195881230664,0.259324453273121,12.78,15
111.0,231.0,0.2011035,0.3592067000000001,0.2175481,0.33781449999999996,114.5857620471279,0.30028183848824597,0.3411383819965167,0.2511427462564493,12.78,15
111.5,231.5,0.19290859999999999,0.339849,0.2125576,0.32054910000000003,114.5857620471279,0.30028183848824597,0.32553152908985383,0.23965313336152094,12.78,15
112.0,232.0,0.18303460000000002,0.32016160000000005,0.2049214,0.30241869999999993,114.5857620471279,0.30028183848824597,0.3077192013265864,0.22653987147871602,12.78,15
112.5,232.5,0.17124979999999998,0.30009520000000006,0.1959072,0.28412740000000003,114.5857620471279,0.30028183848824597,0.2890957383931102,0.21282945984556453,12.78,15
113.0,233.0,0.1594456,0.27988240000000003,0.1858251,0.26570119999999997,114.5857620471279,0.30028183848824597,0.27049669464373804,0.19913702540348974,12.78,15
113.5,233.5,0.1484421,0.2602610000000001,0.1750988,0.2489294,114.5857620471279,0.30028183848824597,0.25240912649878866,0.18582113432354921,12.78,15
114.0,234.0,0.1366333,0.24340080000000003,0.1645014,0.23307709999999998,114.5857620471279,0.30028183848824597,0.2351036528900945,0.1730810136147865,12.78,15
114.5,234.5,0.1257606,0.22772660000000003,0.1534744,0.21825270000000002,114.5857620471279,0.30028183848824597,0.21871732452247472,0.16101755866401313,12.78,15
115.0,235.0,0.1149802,0.2132323,0.14259,0.2054171,114.5857620471279,0.30028183848824597,0.2033055650607939,0.14967157182970003,12.78,15
115.5,235.5,0.1050563,0.19883750000000003,0.1321182,0.1930856,114.5857620471279,0.30028183848824597,0.1888746711592607,0.1390476886456713,12.78,15
116.0,236.0,0.09589011,0.1855298,0.12255890000000001,0.1820334,114.5857620471279,0.30028183848824597,0.17540209592853367,0.12912931031119665,12.78,15
116.5,236.5,0.08720708,0.17356169999999999,0.11309690000000001,0.1716639,114.5857620471279,0.30028183848824597,0.16284905939842145,0.11988788739028713,12.78,15
117.0,237.0,0.079145,0.1635537,0.10437010000000001,0.16211720000000002,114.5857620471279,0.30028183848824597,0.15116834315817976,0.11128865814963919,12.78,15
117.5,237.5,0.07169945,0.15431430000000002,0.09636866,0.1527127,114.5857620471279,0.30028183848824597,0.14030906564341616,0.10329416407814268,12.78,15
118.0,238.0,0.06507119,0.14526129999999998,0.08873799,0.14448429999999998,114.5857620471279,0.30028183848824597,0.13021956737895513,0.0958663739744533,12.78,15
118.5,238.5,0.059007870000000004,0.1367751,0.08175402,0.1368797,114.5857620471279,0.30028183848824597,0.12084911587831397,0.08896793907730632,12.78,15
119.0,239.0,0.05351,0.12868790000000002,0.07519831,0.12985639999999998,114.5857620471279,0.30028183848824597,0.1121488760038051,0.08256290743512824,12.78,15
119.5,239.5,0.04855812,0.12076370000000003,0.06885853,0.1229555,114.5857620471279,0.30028183848824597,0.10407242563801467,0.07661710353833105,12.78,15
120.0,240.0,0.043756960000000004,0.1138503,0.06302379,0.11652959999999998,114.5857620471279,0.30028183848824597,0.09657599216978709,0.07109830241797686,12.78,15
